policy_id,field,class,display_class,count,field_total,proportion
5,action_type,communication,Communication,367,650,0.5646153846153846
5,action_type,direct intervention,Direct intervention,156,650,0.24
5,action_type,observed effect,Observed effect,127,650,0.19538461538461538
5,interaction_mode,communication,Communication,340,650,0.5230769230769231
5,interaction_mode,material_action,Material action,55,650,0.08461538461538462
5,interaction_mode,market_or_economic_state,Market/economic state,124,650,0.19076923076923077
5,interaction_mode,institutional_action,Institutional action,75,650,0.11538461538461539
5,interaction_mode,other,Other mode,21,650,0.03230769230769231
5,interaction_mode,intent_or_plan,Intent/plan,17,650,0.026153846153846153
5,interaction_mode,legal_or_enforcement_action,Legal/enforcement,9,650,0.013846153846153847
5,interaction_mode,request_or_pressure,Request/pressure,9,650,0.013846153846153847
5,financial_action_family,cameo_01_make_public_statement,Public statement,312,650,0.48
5,financial_action_family,market_price_or_liquidity_effect,Market/liquidity effect,112,650,0.1723076923076923
5,financial_action_family,other_financial_event,Other financial event,23,650,0.03538461538461538
5,financial_action_family,legislative_policy_authorization,Legislative authorization,6,650,0.009230769230769232
5,financial_action_family,business_operations_adjustment,Business operations,10,650,0.015384615384615385
5,financial_action_family,cameo_07_provide_aid_or_public_support,Aid/public support,25,650,0.038461538461538464
5,financial_action_family,macroeconomic_real_activity_effect,Macro real-activity effect,3,650,0.004615384615384616
5,financial_action_family,cameo_17_coerce_or_financial_regulation,Cameo 17 Coerce Or Financial Regulation,38,650,0.05846153846153846
5,financial_action_family,__other_families__,Other families,121,650,0.18615384615384614
6,action_type,communication,Communication,1605,3259,0.4924823565510893
6,action_type,direct intervention,Direct intervention,1209,3259,0.37097269100951213
6,action_type,observed effect,Observed effect,445,3259,0.1365449524393986
6,interaction_mode,communication,Communication,1425,3259,0.4372506903958269
6,interaction_mode,material_action,Material action,771,3259,0.23657563669837373
6,interaction_mode,market_or_economic_state,Market/economic state,436,3259,0.13378336913163547
6,interaction_mode,institutional_action,Institutional action,311,3259,0.09542804541270328
6,interaction_mode,other,Other mode,95,3259,0.029150046026388463
6,interaction_mode,intent_or_plan,Intent/plan,81,3259,0.024854249769868057
6,interaction_mode,legal_or_enforcement_action,Legal/enforcement,48,3259,0.01472844430806996
6,interaction_mode,request_or_pressure,Request/pressure,92,3259,0.02822951825713409
6,financial_action_family,cameo_01_make_public_statement,Public statement,1439,3259,0.44154648665234736
6,financial_action_family,market_price_or_liquidity_effect,Market/liquidity effect,193,3259,0.0592206198220313
6,financial_action_family,other_financial_event,Other financial event,99,3259,0.030377416385394294
6,financial_action_family,legislative_policy_authorization,Legislative authorization,43,3259,0.013194231359312672
6,financial_action_family,business_operations_adjustment,Business operations,185,3259,0.05676587910401964
6,financial_action_family,cameo_07_provide_aid_or_public_support,Aid/public support,225,3259,0.06903958269407794
6,financial_action_family,macroeconomic_real_activity_effect,Macro real-activity effect,80,3259,0.0245474071801166
6,financial_action_family,cameo_17_coerce_or_financial_regulation,Cameo 17 Coerce Or Financial Regulation,57,3259,0.017490027615833077
6,financial_action_family,__other_families__,Other families,938,3259,0.28781834918686716
7,action_type,communication,Communication,1303,2839,0.4589644240929905
7,action_type,direct intervention,Direct intervention,1030,2839,0.3628038041563931
7,action_type,observed effect,Observed effect,506,2839,0.1782317717506164
7,interaction_mode,communication,Communication,1153,2839,0.40612891863332157
7,interaction_mode,material_action,Material action,671,2839,0.2363508277562522
7,interaction_mode,market_or_economic_state,Market/economic state,499,2839,0.1757661148291652
7,interaction_mode,institutional_action,Institutional action,264,2839,0.09299048960901726
7,interaction_mode,other,Other mode,87,2839,0.03064459316660796
7,interaction_mode,intent_or_plan,Intent/plan,69,2839,0.02430433251144769
7,interaction_mode,legal_or_enforcement_action,Legal/enforcement,22,2839,0.007749207467418105
7,interaction_mode,request_or_pressure,Request/pressure,74,2839,0.02606551602676999
7,financial_action_family,cameo_01_make_public_statement,Public statement,1190,2839,0.41916167664670656
7,financial_action_family,market_price_or_liquidity_effect,Market/liquidity effect,256,2839,0.09017259598450159
7,financial_action_family,other_financial_event,Other financial event,93,2839,0.03275801338499472
7,financial_action_family,legislative_policy_authorization,Legislative authorization,47,2839,0.01655512504402959
7,financial_action_family,business_operations_adjustment,Business operations,107,2839,0.03768932722789715
7,financial_action_family,cameo_07_provide_aid_or_public_support,Aid/public support,232,2839,0.08171891511095457
7,financial_action_family,macroeconomic_real_activity_effect,Macro real-activity effect,116,2839,0.040859457555477284
7,financial_action_family,cameo_17_coerce_or_financial_regulation,Cameo 17 Coerce Or Financial Regulation,63,2839,0.022190912293060937
7,financial_action_family,__other_families__,Other families,735,2839,0.2588939767523776
8,action_type,communication,Communication,123,286,0.43006993006993005
8,action_type,direct intervention,Direct intervention,65,286,0.22727272727272727
8,action_type,observed effect,Observed effect,98,286,0.34265734265734266
8,interaction_mode,communication,Communication,117,286,0.4090909090909091
8,interaction_mode,material_action,Material action,44,286,0.15384615384615385
8,interaction_mode,market_or_economic_state,Market/economic state,95,286,0.3321678321678322
8,interaction_mode,institutional_action,Institutional action,16,286,0.055944055944055944
8,interaction_mode,other,Other mode,3,286,0.01048951048951049
8,interaction_mode,intent_or_plan,Intent/plan,3,286,0.01048951048951049
8,interaction_mode,legal_or_enforcement_action,Legal/enforcement,6,286,0.02097902097902098
8,interaction_mode,request_or_pressure,Request/pressure,2,286,0.006993006993006993
8,financial_action_family,cameo_01_make_public_statement,Public statement,112,286,0.3916083916083916
8,financial_action_family,market_price_or_liquidity_effect,Market/liquidity effect,64,286,0.22377622377622378
8,financial_action_family,other_financial_event,Other financial event,3,286,0.01048951048951049
8,financial_action_family,legislative_policy_authorization,Legislative authorization,2,286,0.006993006993006993
8,financial_action_family,business_operations_adjustment,Business operations,8,286,0.027972027972027972
8,financial_action_family,cameo_07_provide_aid_or_public_support,Aid/public support,7,286,0.024475524475524476
8,financial_action_family,macroeconomic_real_activity_effect,Macro real-activity effect,20,286,0.06993006993006994
8,financial_action_family,cameo_17_coerce_or_financial_regulation,Cameo 17 Coerce Or Financial Regulation,4,286,0.013986013986013986
8,financial_action_family,__other_families__,Other families,66,286,0.23076923076923078
10,action_type,communication,Communication,99,191,0.518324607329843
10,action_type,direct intervention,Direct intervention,78,191,0.4083769633507853
10,action_type,observed effect,Observed effect,14,191,0.07329842931937172
10,interaction_mode,communication,Communication,92,191,0.4816753926701571
10,interaction_mode,material_action,Material action,31,191,0.16230366492146597
10,interaction_mode,market_or_economic_state,Market/economic state,14,191,0.07329842931937172
10,interaction_mode,institutional_action,Institutional action,19,191,0.09947643979057591
10,interaction_mode,other,Other mode,14,191,0.07329842931937172
10,interaction_mode,intent_or_plan,Intent/plan,4,191,0.020942408376963352
10,interaction_mode,legal_or_enforcement_action,Legal/enforcement,14,191,0.07329842931937172
10,interaction_mode,request_or_pressure,Request/pressure,3,191,0.015706806282722512
10,financial_action_family,cameo_01_make_public_statement,Public statement,93,191,0.4869109947643979
10,financial_action_family,market_price_or_liquidity_effect,Market/liquidity effect,12,191,0.06282722513089005
10,financial_action_family,other_financial_event,Other financial event,14,191,0.07329842931937172
10,financial_action_family,legislative_policy_authorization,Legislative authorization,0,191,0.0
10,financial_action_family,business_operations_adjustment,Business operations,11,191,0.05759162303664921
10,financial_action_family,cameo_07_provide_aid_or_public_support,Aid/public support,0,191,0.0
10,financial_action_family,macroeconomic_real_activity_effect,Macro real-activity effect,0,191,0.0
10,financial_action_family,cameo_17_coerce_or_financial_regulation,Cameo 17 Coerce Or Financial Regulation,21,191,0.1099476439790576
10,financial_action_family,__other_families__,Other families,40,191,0.2094240837696335
12,action_type,communication,Communication,23,32,0.71875
12,action_type,direct intervention,Direct intervention,3,32,0.09375
12,action_type,observed effect,Observed effect,6,32,0.1875
12,interaction_mode,communication,Communication,23,32,0.71875
12,interaction_mode,material_action,Material action,2,32,0.0625
12,interaction_mode,market_or_economic_state,Market/economic state,6,32,0.1875
12,interaction_mode,institutional_action,Institutional action,1,32,0.03125
12,interaction_mode,other,Other mode,0,32,0.0
12,interaction_mode,intent_or_plan,Intent/plan,0,32,0.0
12,interaction_mode,legal_or_enforcement_action,Legal/enforcement,0,32,0.0
12,interaction_mode,request_or_pressure,Request/pressure,0,32,0.0
12,financial_action_family,cameo_01_make_public_statement,Public statement,18,32,0.5625
12,financial_action_family,market_price_or_liquidity_effect,Market/liquidity effect,5,32,0.15625
12,financial_action_family,other_financial_event,Other financial event,1,32,0.03125
12,financial_action_family,legislative_policy_authorization,Legislative authorization,0,32,0.0
12,financial_action_family,business_operations_adjustment,Business operations,0,32,0.0
12,financial_action_family,cameo_07_provide_aid_or_public_support,Aid/public support,1,32,0.03125
12,financial_action_family,macroeconomic_real_activity_effect,Macro real-activity effect,0,32,0.0
12,financial_action_family,cameo_17_coerce_or_financial_regulation,Cameo 17 Coerce Or Financial Regulation,0,32,0.0
12,financial_action_family,__other_families__,Other families,7,32,0.21875
13,action_type,communication,Communication,184,404,0.45544554455445546
13,action_type,direct intervention,Direct intervention,114,404,0.28217821782178215
13,action_type,observed effect,Observed effect,106,404,0.2623762376237624
13,interaction_mode,communication,Communication,178,404,0.4405940594059406
13,interaction_mode,material_action,Material action,56,404,0.13861386138613863
13,interaction_mode,market_or_economic_state,Market/economic state,99,404,0.24504950495049505
13,interaction_mode,institutional_action,Institutional action,36,404,0.0891089108910891
13,interaction_mode,other,Other mode,23,404,0.05693069306930693
13,interaction_mode,intent_or_plan,Intent/plan,3,404,0.007425742574257425
13,interaction_mode,legal_or_enforcement_action,Legal/enforcement,3,404,0.007425742574257425
13,interaction_mode,request_or_pressure,Request/pressure,6,404,0.01485148514851485
13,financial_action_family,cameo_01_make_public_statement,Public statement,174,404,0.4306930693069307
13,financial_action_family,market_price_or_liquidity_effect,Market/liquidity effect,90,404,0.22277227722772278
13,financial_action_family,other_financial_event,Other financial event,23,404,0.05693069306930693
13,financial_action_family,legislative_policy_authorization,Legislative authorization,3,404,0.007425742574257425
13,financial_action_family,business_operations_adjustment,Business operations,7,404,0.017326732673267328
13,financial_action_family,cameo_07_provide_aid_or_public_support,Aid/public support,7,404,0.017326732673267328
13,financial_action_family,macroeconomic_real_activity_effect,Macro real-activity effect,10,404,0.024752475247524754
13,financial_action_family,cameo_17_coerce_or_financial_regulation,Cameo 17 Coerce Or Financial Regulation,6,404,0.01485148514851485
13,financial_action_family,__other_families__,Other families,84,404,0.2079207920792079
14,action_type,communication,Communication,179,299,0.5986622073578596
14,action_type,direct intervention,Direct intervention,64,299,0.2140468227424749
14,action_type,observed effect,Observed effect,56,299,0.18729096989966554
14,interaction_mode,communication,Communication,169,299,0.5652173913043478
14,interaction_mode,material_action,Material action,32,299,0.10702341137123746
14,interaction_mode,market_or_economic_state,Market/economic state,54,299,0.1806020066889632
14,interaction_mode,institutional_action,Institutional action,15,299,0.05016722408026756
14,interaction_mode,other,Other mode,18,299,0.06020066889632107
14,interaction_mode,intent_or_plan,Intent/plan,2,299,0.006688963210702341
14,interaction_mode,legal_or_enforcement_action,Legal/enforcement,4,299,0.013377926421404682
14,interaction_mode,request_or_pressure,Request/pressure,5,299,0.016722408026755852
14,financial_action_family,cameo_01_make_public_statement,Public statement,158,299,0.5284280936454849
14,financial_action_family,market_price_or_liquidity_effect,Market/liquidity effect,33,299,0.11036789297658862
14,financial_action_family,other_financial_event,Other financial event,22,299,0.07357859531772576
14,financial_action_family,legislative_policy_authorization,Legislative authorization,3,299,0.010033444816053512
14,financial_action_family,business_operations_adjustment,Business operations,7,299,0.023411371237458192
14,financial_action_family,cameo_07_provide_aid_or_public_support,Aid/public support,3,299,0.010033444816053512
14,financial_action_family,macroeconomic_real_activity_effect,Macro real-activity effect,20,299,0.06688963210702341
14,financial_action_family,cameo_17_coerce_or_financial_regulation,Cameo 17 Coerce Or Financial Regulation,1,299,0.0033444816053511705
14,financial_action_family,__other_families__,Other families,52,299,0.17391304347826086
15,action_type,communication,Communication,568,1297,0.4379336931380108
15,action_type,direct intervention,Direct intervention,476,1297,0.36700077101002315
15,action_type,observed effect,Observed effect,253,1297,0.19506553585196607
15,interaction_mode,communication,Communication,520,1297,0.4009252120277564
15,interaction_mode,material_action,Material action,200,1297,0.15420200462606015
15,interaction_mode,market_or_economic_state,Market/economic state,245,1297,0.18889745566692367
15,interaction_mode,institutional_action,Institutional action,93,1297,0.07170393215111796
15,interaction_mode,other,Other mode,96,1297,0.07401696222050887
15,interaction_mode,intent_or_plan,Intent/plan,26,1297,0.020046260601387818
15,interaction_mode,legal_or_enforcement_action,Legal/enforcement,102,1297,0.07864302235929067
15,interaction_mode,request_or_pressure,Request/pressure,15,1297,0.01156515034695451
15,financial_action_family,cameo_01_make_public_statement,Public statement,483,1297,0.37239784117193525
15,financial_action_family,market_price_or_liquidity_effect,Market/liquidity effect,158,1297,0.1218195836545875
15,financial_action_family,other_financial_event,Other financial event,103,1297,0.07941403238242097
15,financial_action_family,legislative_policy_authorization,Legislative authorization,22,1297,0.016962220508866616
15,financial_action_family,business_operations_adjustment,Business operations,31,1297,0.023901310717039322
15,financial_action_family,cameo_07_provide_aid_or_public_support,Aid/public support,50,1297,0.03855050115651504
15,financial_action_family,macroeconomic_real_activity_effect,Macro real-activity effect,54,1297,0.04163454124903624
15,financial_action_family,cameo_17_coerce_or_financial_regulation,Cameo 17 Coerce Or Financial Regulation,12,1297,0.009252120277563608
15,financial_action_family,__other_families__,Other families,384,1297,0.29606784888203547
16,action_type,communication,Communication,105,235,0.44680851063829785
16,action_type,direct intervention,Direct intervention,84,235,0.3574468085106383
16,action_type,observed effect,Observed effect,46,235,0.19574468085106383
16,interaction_mode,communication,Communication,94,235,0.4
16,interaction_mode,material_action,Material action,43,235,0.1829787234042553
16,interaction_mode,market_or_economic_state,Market/economic state,45,235,0.19148936170212766
16,interaction_mode,institutional_action,Institutional action,9,235,0.03829787234042553
16,interaction_mode,other,Other mode,19,235,0.08085106382978724
16,interaction_mode,intent_or_plan,Intent/plan,3,235,0.01276595744680851
16,interaction_mode,legal_or_enforcement_action,Legal/enforcement,16,235,0.06808510638297872
16,interaction_mode,request_or_pressure,Request/pressure,6,235,0.02553191489361702
16,financial_action_family,cameo_01_make_public_statement,Public statement,78,235,0.33191489361702126
16,financial_action_family,market_price_or_liquidity_effect,Market/liquidity effect,29,235,0.12340425531914893
16,financial_action_family,other_financial_event,Other financial event,22,235,0.09361702127659574
16,financial_action_family,legislative_policy_authorization,Legislative authorization,3,235,0.01276595744680851
16,financial_action_family,business_operations_adjustment,Business operations,5,235,0.02127659574468085
16,financial_action_family,cameo_07_provide_aid_or_public_support,Aid/public support,9,235,0.03829787234042553
16,financial_action_family,macroeconomic_real_activity_effect,Macro real-activity effect,3,235,0.01276595744680851
16,financial_action_family,cameo_17_coerce_or_financial_regulation,Cameo 17 Coerce Or Financial Regulation,6,235,0.02553191489361702
16,financial_action_family,__other_families__,Other families,80,235,0.3404255319148936
18,action_type,communication,Communication,57,116,0.49137931034482757
18,action_type,direct intervention,Direct intervention,48,116,0.41379310344827586
18,action_type,observed effect,Observed effect,11,116,0.09482758620689655
18,interaction_mode,communication,Communication,54,116,0.46551724137931033
18,interaction_mode,material_action,Material action,35,116,0.3017241379310345
18,interaction_mode,market_or_economic_state,Market/economic state,11,116,0.09482758620689655
18,interaction_mode,institutional_action,Institutional action,5,116,0.04310344827586207
18,interaction_mode,other,Other mode,7,116,0.0603448275862069
18,interaction_mode,intent_or_plan,Intent/plan,2,116,0.017241379310344827
18,interaction_mode,legal_or_enforcement_action,Legal/enforcement,2,116,0.017241379310344827
18,interaction_mode,request_or_pressure,Request/pressure,0,116,0.0
18,financial_action_family,cameo_01_make_public_statement,Public statement,47,116,0.4051724137931034
18,financial_action_family,market_price_or_liquidity_effect,Market/liquidity effect,7,116,0.0603448275862069
18,financial_action_family,other_financial_event,Other financial event,8,116,0.06896551724137931
18,financial_action_family,legislative_policy_authorization,Legislative authorization,1,116,0.008620689655172414
18,financial_action_family,business_operations_adjustment,Business operations,23,116,0.19827586206896552
18,financial_action_family,cameo_07_provide_aid_or_public_support,Aid/public support,2,116,0.017241379310344827
18,financial_action_family,macroeconomic_real_activity_effect,Macro real-activity effect,1,116,0.008620689655172414
18,financial_action_family,cameo_17_coerce_or_financial_regulation,Cameo 17 Coerce Or Financial Regulation,5,116,0.04310344827586207
18,financial_action_family,__other_families__,Other families,22,116,0.1896551724137931
19,action_type,communication,Communication,29,58,0.5
19,action_type,direct intervention,Direct intervention,9,58,0.15517241379310345
19,action_type,observed effect,Observed effect,20,58,0.3448275862068966
19,interaction_mode,communication,Communication,27,58,0.46551724137931033
19,interaction_mode,material_action,Material action,2,58,0.034482758620689655
19,interaction_mode,market_or_economic_state,Market/economic state,20,58,0.3448275862068966
19,interaction_mode,institutional_action,Institutional action,5,58,0.08620689655172414
19,interaction_mode,other,Other mode,2,58,0.034482758620689655
19,interaction_mode,intent_or_plan,Intent/plan,0,58,0.0
19,interaction_mode,legal_or_enforcement_action,Legal/enforcement,1,58,0.017241379310344827
19,interaction_mode,request_or_pressure,Request/pressure,1,58,0.017241379310344827
19,financial_action_family,cameo_01_make_public_statement,Public statement,30,58,0.5172413793103449
19,financial_action_family,market_price_or_liquidity_effect,Market/liquidity effect,13,58,0.22413793103448276
19,financial_action_family,other_financial_event,Other financial event,3,58,0.05172413793103448
19,financial_action_family,legislative_policy_authorization,Legislative authorization,0,58,0.0
19,financial_action_family,business_operations_adjustment,Business operations,1,58,0.017241379310344827
19,financial_action_family,cameo_07_provide_aid_or_public_support,Aid/public support,0,58,0.0
19,financial_action_family,macroeconomic_real_activity_effect,Macro real-activity effect,0,58,0.0
19,financial_action_family,cameo_17_coerce_or_financial_regulation,Cameo 17 Coerce Or Financial Regulation,5,58,0.08620689655172414
19,financial_action_family,__other_families__,Other families,6,58,0.10344827586206896
20,action_type,communication,Communication,91,191,0.47643979057591623
20,action_type,direct intervention,Direct intervention,63,191,0.3298429319371728
20,action_type,observed effect,Observed effect,37,191,0.193717277486911
20,interaction_mode,communication,Communication,87,191,0.45549738219895286
20,interaction_mode,material_action,Material action,32,191,0.16753926701570682
20,interaction_mode,market_or_economic_state,Market/economic state,34,191,0.17801047120418848
20,interaction_mode,institutional_action,Institutional action,12,191,0.06282722513089005
20,interaction_mode,other,Other mode,17,191,0.08900523560209424
20,interaction_mode,intent_or_plan,Intent/plan,0,191,0.0
20,interaction_mode,legal_or_enforcement_action,Legal/enforcement,4,191,0.020942408376963352
20,interaction_mode,request_or_pressure,Request/pressure,5,191,0.02617801047120419
20,financial_action_family,cameo_01_make_public_statement,Public statement,75,191,0.39267015706806285
20,financial_action_family,market_price_or_liquidity_effect,Market/liquidity effect,19,191,0.09947643979057591
20,financial_action_family,other_financial_event,Other financial event,17,191,0.08900523560209424
20,financial_action_family,legislative_policy_authorization,Legislative authorization,4,191,0.020942408376963352
20,financial_action_family,business_operations_adjustment,Business operations,2,191,0.010471204188481676
20,financial_action_family,cameo_07_provide_aid_or_public_support,Aid/public support,4,191,0.020942408376963352
20,financial_action_family,macroeconomic_real_activity_effect,Macro real-activity effect,8,191,0.041884816753926704
20,financial_action_family,cameo_17_coerce_or_financial_regulation,Cameo 17 Coerce Or Financial Regulation,16,191,0.08376963350785341
20,financial_action_family,__other_families__,Other families,46,191,0.24083769633507854
21,action_type,communication,Communication,177,353,0.5014164305949008
21,action_type,direct intervention,Direct intervention,91,353,0.2577903682719547
21,action_type,observed effect,Observed effect,85,353,0.24079320113314448
21,interaction_mode,communication,Communication,154,353,0.43626062322946174
21,interaction_mode,material_action,Material action,37,353,0.1048158640226629
21,interaction_mode,market_or_economic_state,Market/economic state,84,353,0.23796033994334279
21,interaction_mode,institutional_action,Institutional action,40,353,0.11331444759206799
21,interaction_mode,other,Other mode,16,353,0.0453257790368272
21,interaction_mode,intent_or_plan,Intent/plan,10,353,0.028328611898016998
21,interaction_mode,legal_or_enforcement_action,Legal/enforcement,1,353,0.0028328611898017
21,interaction_mode,request_or_pressure,Request/pressure,11,353,0.031161473087818695
21,financial_action_family,cameo_01_make_public_statement,Public statement,153,353,0.43342776203966005
21,financial_action_family,market_price_or_liquidity_effect,Market/liquidity effect,66,353,0.18696883852691218
21,financial_action_family,other_financial_event,Other financial event,17,353,0.04815864022662889
21,financial_action_family,legislative_policy_authorization,Legislative authorization,31,353,0.08781869688385269
21,financial_action_family,business_operations_adjustment,Business operations,5,353,0.014164305949008499
21,financial_action_family,cameo_07_provide_aid_or_public_support,Aid/public support,6,353,0.0169971671388102
21,financial_action_family,macroeconomic_real_activity_effect,Macro real-activity effect,4,353,0.0113314447592068
21,financial_action_family,cameo_17_coerce_or_financial_regulation,Cameo 17 Coerce Or Financial Regulation,5,353,0.014164305949008499
21,financial_action_family,__other_families__,Other families,66,353,0.18696883852691218
22,action_type,communication,Communication,383,714,0.5364145658263305
22,action_type,direct intervention,Direct intervention,273,714,0.38235294117647056
22,action_type,observed effect,Observed effect,58,714,0.08123249299719888
22,interaction_mode,communication,Communication,336,714,0.47058823529411764
22,interaction_mode,material_action,Material action,114,714,0.15966386554621848
22,interaction_mode,market_or_economic_state,Market/economic state,52,714,0.07282913165266107
22,interaction_mode,institutional_action,Institutional action,95,714,0.1330532212885154
22,interaction_mode,other,Other mode,51,714,0.07142857142857142
22,interaction_mode,intent_or_plan,Intent/plan,25,714,0.0350140056022409
22,interaction_mode,legal_or_enforcement_action,Legal/enforcement,27,714,0.037815126050420166
22,interaction_mode,request_or_pressure,Request/pressure,14,714,0.0196078431372549
22,financial_action_family,cameo_01_make_public_statement,Public statement,319,714,0.44677871148459386
22,financial_action_family,market_price_or_liquidity_effect,Market/liquidity effect,38,714,0.05322128851540616
22,financial_action_family,other_financial_event,Other financial event,54,714,0.07563025210084033
22,financial_action_family,legislative_policy_authorization,Legislative authorization,78,714,0.1092436974789916
22,financial_action_family,business_operations_adjustment,Business operations,60,714,0.08403361344537816
22,financial_action_family,cameo_07_provide_aid_or_public_support,Aid/public support,13,714,0.018207282913165267
22,financial_action_family,macroeconomic_real_activity_effect,Macro real-activity effect,11,714,0.015406162464985995
22,financial_action_family,cameo_17_coerce_or_financial_regulation,Cameo 17 Coerce Or Financial Regulation,13,714,0.018207282913165267
22,financial_action_family,__other_families__,Other families,128,714,0.1792717086834734
23,action_type,communication,Communication,8,31,0.25806451612903225
23,action_type,direct intervention,Direct intervention,23,31,0.7419354838709677
23,action_type,observed effect,Observed effect,0,31,0.0
23,interaction_mode,communication,Communication,8,31,0.25806451612903225
23,interaction_mode,material_action,Material action,6,31,0.1935483870967742
23,interaction_mode,market_or_economic_state,Market/economic state,0,31,0.0
23,interaction_mode,institutional_action,Institutional action,12,31,0.3870967741935484
23,interaction_mode,other,Other mode,2,31,0.06451612903225806
23,interaction_mode,intent_or_plan,Intent/plan,0,31,0.0
23,interaction_mode,legal_or_enforcement_action,Legal/enforcement,3,31,0.0967741935483871
23,interaction_mode,request_or_pressure,Request/pressure,0,31,0.0
23,financial_action_family,cameo_01_make_public_statement,Public statement,6,31,0.1935483870967742
23,financial_action_family,market_price_or_liquidity_effect,Market/liquidity effect,0,31,0.0
23,financial_action_family,other_financial_event,Other financial event,2,31,0.06451612903225806
23,financial_action_family,legislative_policy_authorization,Legislative authorization,4,31,0.12903225806451613
23,financial_action_family,business_operations_adjustment,Business operations,6,31,0.1935483870967742
23,financial_action_family,cameo_07_provide_aid_or_public_support,Aid/public support,0,31,0.0
23,financial_action_family,macroeconomic_real_activity_effect,Macro real-activity effect,0,31,0.0
23,financial_action_family,cameo_17_coerce_or_financial_regulation,Cameo 17 Coerce Or Financial Regulation,4,31,0.12903225806451613
23,financial_action_family,__other_families__,Other families,9,31,0.2903225806451613
24,action_type,communication,Communication,182,402,0.4527363184079602
24,action_type,direct intervention,Direct intervention,83,402,0.2064676616915423
24,action_type,observed effect,Observed effect,137,402,0.3407960199004975
24,interaction_mode,communication,Communication,170,402,0.4228855721393035
24,interaction_mode,material_action,Material action,23,402,0.05721393034825871
24,interaction_mode,market_or_economic_state,Market/economic state,136,402,0.3383084577114428
24,interaction_mode,institutional_action,Institutional action,19,402,0.0472636815920398
24,interaction_mode,other,Other mode,40,402,0.09950248756218906
24,interaction_mode,intent_or_plan,Intent/plan,6,402,0.014925373134328358
24,interaction_mode,legal_or_enforcement_action,Legal/enforcement,5,402,0.012437810945273632
24,interaction_mode,request_or_pressure,Request/pressure,3,402,0.007462686567164179
24,financial_action_family,cameo_01_make_public_statement,Public statement,168,402,0.417910447761194
24,financial_action_family,market_price_or_liquidity_effect,Market/liquidity effect,118,402,0.2935323383084577
24,financial_action_family,other_financial_event,Other financial event,41,402,0.10199004975124377
24,financial_action_family,legislative_policy_authorization,Legislative authorization,4,402,0.009950248756218905
24,financial_action_family,business_operations_adjustment,Business operations,1,402,0.0024875621890547263
24,financial_action_family,cameo_07_provide_aid_or_public_support,Aid/public support,6,402,0.014925373134328358
24,financial_action_family,macroeconomic_real_activity_effect,Macro real-activity effect,12,402,0.029850746268656716
24,financial_action_family,cameo_17_coerce_or_financial_regulation,Cameo 17 Coerce Or Financial Regulation,0,402,0.0
24,financial_action_family,__other_families__,Other families,52,402,0.12935323383084577
25,action_type,communication,Communication,102,183,0.5573770491803278
25,action_type,direct intervention,Direct intervention,78,183,0.4262295081967213
25,action_type,observed effect,Observed effect,3,183,0.01639344262295082
25,interaction_mode,communication,Communication,88,183,0.4808743169398907
25,interaction_mode,material_action,Material action,63,183,0.3442622950819672
25,interaction_mode,market_or_economic_state,Market/economic state,3,183,0.01639344262295082
25,interaction_mode,institutional_action,Institutional action,14,183,0.07650273224043716
25,interaction_mode,other,Other mode,8,183,0.04371584699453552
25,interaction_mode,intent_or_plan,Intent/plan,1,183,0.00546448087431694
25,interaction_mode,legal_or_enforcement_action,Legal/enforcement,4,183,0.02185792349726776
25,interaction_mode,request_or_pressure,Request/pressure,2,183,0.01092896174863388
25,financial_action_family,cameo_01_make_public_statement,Public statement,86,183,0.46994535519125685
25,financial_action_family,market_price_or_liquidity_effect,Market/liquidity effect,2,183,0.01092896174863388
25,financial_action_family,other_financial_event,Other financial event,8,183,0.04371584699453552
25,financial_action_family,legislative_policy_authorization,Legislative authorization,8,183,0.04371584699453552
25,financial_action_family,business_operations_adjustment,Business operations,8,183,0.04371584699453552
25,financial_action_family,cameo_07_provide_aid_or_public_support,Aid/public support,7,183,0.03825136612021858
25,financial_action_family,macroeconomic_real_activity_effect,Macro real-activity effect,0,183,0.0
25,financial_action_family,cameo_17_coerce_or_financial_regulation,Cameo 17 Coerce Or Financial Regulation,20,183,0.1092896174863388
25,financial_action_family,__other_families__,Other families,44,183,0.24043715846994534
26,action_type,communication,Communication,86,172,0.5
26,action_type,direct intervention,Direct intervention,78,172,0.45348837209302323
26,action_type,observed effect,Observed effect,8,172,0.046511627906976744
26,interaction_mode,communication,Communication,79,172,0.45930232558139533
26,interaction_mode,material_action,Material action,31,172,0.18023255813953487
26,interaction_mode,market_or_economic_state,Market/economic state,8,172,0.046511627906976744
26,interaction_mode,institutional_action,Institutional action,33,172,0.19186046511627908
26,interaction_mode,other,Other mode,10,172,0.05813953488372093
26,interaction_mode,intent_or_plan,Intent/plan,1,172,0.005813953488372093
26,interaction_mode,legal_or_enforcement_action,Legal/enforcement,5,172,0.029069767441860465
26,interaction_mode,request_or_pressure,Request/pressure,5,172,0.029069767441860465
26,financial_action_family,cameo_01_make_public_statement,Public statement,65,172,0.37790697674418605
26,financial_action_family,market_price_or_liquidity_effect,Market/liquidity effect,3,172,0.01744186046511628
26,financial_action_family,other_financial_event,Other financial event,11,172,0.06395348837209303
26,financial_action_family,legislative_policy_authorization,Legislative authorization,19,172,0.11046511627906977
26,financial_action_family,business_operations_adjustment,Business operations,2,172,0.011627906976744186
26,financial_action_family,cameo_07_provide_aid_or_public_support,Aid/public support,5,172,0.029069767441860465
26,financial_action_family,macroeconomic_real_activity_effect,Macro real-activity effect,2,172,0.011627906976744186
26,financial_action_family,cameo_17_coerce_or_financial_regulation,Cameo 17 Coerce Or Financial Regulation,26,172,0.1511627906976744
26,financial_action_family,__other_families__,Other families,39,172,0.22674418604651161
27,action_type,communication,Communication,585,1298,0.450693374422188
27,action_type,direct intervention,Direct intervention,501,1298,0.3859784283513097
27,action_type,observed effect,Observed effect,212,1298,0.1633281972265023
27,interaction_mode,communication,Communication,547,1298,0.4214175654853621
27,interaction_mode,material_action,Material action,251,1298,0.1933744221879815
27,interaction_mode,market_or_economic_state,Market/economic state,206,1298,0.15870570107858242
27,interaction_mode,institutional_action,Institutional action,93,1298,0.07164869029275808
27,interaction_mode,other,Other mode,102,1298,0.07858243451463791
27,interaction_mode,intent_or_plan,Intent/plan,20,1298,0.015408320493066256
27,interaction_mode,legal_or_enforcement_action,Legal/enforcement,68,1298,0.05238828967642527
27,interaction_mode,request_or_pressure,Request/pressure,11,1298,0.00847457627118644
27,financial_action_family,cameo_01_make_public_statement,Public statement,541,1298,0.4167950693374422
27,financial_action_family,market_price_or_liquidity_effect,Market/liquidity effect,171,1298,0.13174114021571648
27,financial_action_family,other_financial_event,Other financial event,110,1298,0.0847457627118644
27,financial_action_family,legislative_policy_authorization,Legislative authorization,27,1298,0.020801232665639446
27,financial_action_family,business_operations_adjustment,Business operations,87,1298,0.06702619414483821
27,financial_action_family,cameo_07_provide_aid_or_public_support,Aid/public support,17,1298,0.013097072419106317
27,financial_action_family,macroeconomic_real_activity_effect,Macro real-activity effect,3,1298,0.0023112480739599386
27,financial_action_family,cameo_17_coerce_or_financial_regulation,Cameo 17 Coerce Or Financial Regulation,29,1298,0.02234206471494607
27,financial_action_family,__other_families__,Other families,313,1298,0.24114021571648692
28,action_type,communication,Communication,80,149,0.5369127516778524
28,action_type,direct intervention,Direct intervention,63,149,0.4228187919463087
28,action_type,observed effect,Observed effect,6,149,0.040268456375838924
28,interaction_mode,communication,Communication,78,149,0.5234899328859061
28,interaction_mode,material_action,Material action,17,149,0.11409395973154363
28,interaction_mode,market_or_economic_state,Market/economic state,6,149,0.040268456375838924
28,interaction_mode,institutional_action,Institutional action,14,149,0.09395973154362416
28,interaction_mode,other,Other mode,11,149,0.0738255033557047
28,interaction_mode,intent_or_plan,Intent/plan,0,149,0.0
28,interaction_mode,legal_or_enforcement_action,Legal/enforcement,21,149,0.14093959731543623
28,interaction_mode,request_or_pressure,Request/pressure,2,149,0.013422818791946308
28,financial_action_family,cameo_01_make_public_statement,Public statement,74,149,0.4966442953020134
28,financial_action_family,market_price_or_liquidity_effect,Market/liquidity effect,1,149,0.006711409395973154
28,financial_action_family,other_financial_event,Other financial event,11,149,0.0738255033557047
28,financial_action_family,legislative_policy_authorization,Legislative authorization,9,149,0.06040268456375839
28,financial_action_family,business_operations_adjustment,Business operations,9,149,0.06040268456375839
28,financial_action_family,cameo_07_provide_aid_or_public_support,Aid/public support,1,149,0.006711409395973154
28,financial_action_family,macroeconomic_real_activity_effect,Macro real-activity effect,5,149,0.03355704697986577
28,financial_action_family,cameo_17_coerce_or_financial_regulation,Cameo 17 Coerce Or Financial Regulation,7,149,0.04697986577181208
28,financial_action_family,__other_families__,Other families,32,149,0.21476510067114093
29,action_type,communication,Communication,632,1354,0.4667651403249631
29,action_type,direct intervention,Direct intervention,270,1354,0.19940915805022155
29,action_type,observed effect,Observed effect,452,1354,0.33382570162481534
29,interaction_mode,communication,Communication,555,1354,0.4098966026587888
29,interaction_mode,material_action,Material action,219,1354,0.16174298375184637
29,interaction_mode,market_or_economic_state,Market/economic state,421,1354,0.310930576070901
29,interaction_mode,institutional_action,Institutional action,49,1354,0.0361890694239291
29,interaction_mode,other,Other mode,81,1354,0.05982274741506647
29,interaction_mode,intent_or_plan,Intent/plan,8,1354,0.005908419497784343
29,interaction_mode,legal_or_enforcement_action,Legal/enforcement,15,1354,0.011078286558345642
29,interaction_mode,request_or_pressure,Request/pressure,6,1354,0.004431314623338257
29,financial_action_family,cameo_01_make_public_statement,Public statement,583,1354,0.43057607090103395
29,financial_action_family,market_price_or_liquidity_effect,Market/liquidity effect,338,1354,0.24963072378138848
29,financial_action_family,other_financial_event,Other financial event,111,1354,0.08197932053175776
29,financial_action_family,legislative_policy_authorization,Legislative authorization,42,1354,0.0310192023633678
29,financial_action_family,business_operations_adjustment,Business operations,33,1354,0.024372230428360415
29,financial_action_family,cameo_07_provide_aid_or_public_support,Aid/public support,14,1354,0.0103397341211226
29,financial_action_family,macroeconomic_real_activity_effect,Macro real-activity effect,60,1354,0.04431314623338257
29,financial_action_family,cameo_17_coerce_or_financial_regulation,Cameo 17 Coerce Or Financial Regulation,38,1354,0.028064992614475627
29,financial_action_family,__other_families__,Other families,135,1354,0.09970457902511078
30,action_type,communication,Communication,296,720,0.4111111111111111
30,action_type,direct intervention,Direct intervention,135,720,0.1875
30,action_type,observed effect,Observed effect,289,720,0.4013888888888889
30,interaction_mode,communication,Communication,276,720,0.38333333333333336
30,interaction_mode,material_action,Material action,101,720,0.14027777777777778
30,interaction_mode,market_or_economic_state,Market/economic state,268,720,0.37222222222222223
30,interaction_mode,institutional_action,Institutional action,28,720,0.03888888888888889
30,interaction_mode,other,Other mode,44,720,0.06111111111111111
30,interaction_mode,intent_or_plan,Intent/plan,0,720,0.0
30,interaction_mode,legal_or_enforcement_action,Legal/enforcement,3,720,0.004166666666666667
30,interaction_mode,request_or_pressure,Request/pressure,0,720,0.0
30,financial_action_family,cameo_01_make_public_statement,Public statement,278,720,0.3861111111111111
30,financial_action_family,market_price_or_liquidity_effect,Market/liquidity effect,199,720,0.2763888888888889
30,financial_action_family,other_financial_event,Other financial event,65,720,0.09027777777777778
30,financial_action_family,legislative_policy_authorization,Legislative authorization,10,720,0.013888888888888888
30,financial_action_family,business_operations_adjustment,Business operations,8,720,0.011111111111111112
30,financial_action_family,cameo_07_provide_aid_or_public_support,Aid/public support,3,720,0.004166666666666667
30,financial_action_family,macroeconomic_real_activity_effect,Macro real-activity effect,36,720,0.05
30,financial_action_family,cameo_17_coerce_or_financial_regulation,Cameo 17 Coerce Or Financial Regulation,10,720,0.013888888888888888
30,financial_action_family,__other_families__,Other families,111,720,0.15416666666666667
31,action_type,communication,Communication,869,1444,0.6018005540166205
31,action_type,direct intervention,Direct intervention,448,1444,0.31024930747922436
31,action_type,observed effect,Observed effect,127,1444,0.08795013850415513
31,interaction_mode,communication,Communication,794,1444,0.5498614958448753
31,interaction_mode,material_action,Material action,158,1444,0.10941828254847645
31,interaction_mode,market_or_economic_state,Market/economic state,122,1444,0.08448753462603878
31,interaction_mode,institutional_action,Institutional action,145,1444,0.10041551246537396
31,interaction_mode,other,Other mode,93,1444,0.06440443213296398
31,interaction_mode,intent_or_plan,Intent/plan,29,1444,0.02008310249307479
31,interaction_mode,legal_or_enforcement_action,Legal/enforcement,74,1444,0.05124653739612189
31,interaction_mode,request_or_pressure,Request/pressure,29,1444,0.02008310249307479
31,financial_action_family,cameo_01_make_public_statement,Public statement,790,1444,0.5470914127423823
31,financial_action_family,market_price_or_liquidity_effect,Market/liquidity effect,64,1444,0.0443213296398892
31,financial_action_family,other_financial_event,Other financial event,108,1444,0.07479224376731301
31,financial_action_family,legislative_policy_authorization,Legislative authorization,59,1444,0.04085872576177285
31,financial_action_family,business_operations_adjustment,Business operations,70,1444,0.04847645429362881
31,financial_action_family,cameo_07_provide_aid_or_public_support,Aid/public support,15,1444,0.01038781163434903
31,financial_action_family,macroeconomic_real_activity_effect,Macro real-activity effect,11,1444,0.007617728531855956
31,financial_action_family,cameo_17_coerce_or_financial_regulation,Cameo 17 Coerce Or Financial Regulation,57,1444,0.039473684210526314
31,financial_action_family,__other_families__,Other families,270,1444,0.18698060941828254
32,action_type,communication,Communication,1223,1952,0.6265368852459017
32,action_type,direct intervention,Direct intervention,530,1952,0.27151639344262296
32,action_type,observed effect,Observed effect,199,1952,0.1019467213114754
32,interaction_mode,communication,Communication,1017,1952,0.5210040983606558
32,interaction_mode,material_action,Material action,398,1952,0.2038934426229508
32,interaction_mode,market_or_economic_state,Market/economic state,153,1952,0.0783811475409836
32,interaction_mode,institutional_action,Institutional action,271,1952,0.13883196721311475
32,interaction_mode,other,Other mode,74,1952,0.03790983606557377
32,interaction_mode,intent_or_plan,Intent/plan,7,1952,0.003586065573770492
32,interaction_mode,legal_or_enforcement_action,Legal/enforcement,25,1952,0.012807377049180328
32,interaction_mode,request_or_pressure,Request/pressure,7,1952,0.003586065573770492
32,financial_action_family,cameo_01_make_public_statement,Public statement,1100,1952,0.5635245901639344
32,financial_action_family,market_price_or_liquidity_effect,Market/liquidity effect,95,1952,0.048668032786885244
32,financial_action_family,other_financial_event,Other financial event,75,1952,0.038422131147540985
32,financial_action_family,legislative_policy_authorization,Legislative authorization,302,1952,0.15471311475409835
32,financial_action_family,business_operations_adjustment,Business operations,47,1952,0.024077868852459015
32,financial_action_family,cameo_07_provide_aid_or_public_support,Aid/public support,18,1952,0.009221311475409836
32,financial_action_family,macroeconomic_real_activity_effect,Macro real-activity effect,16,1952,0.00819672131147541
32,financial_action_family,cameo_17_coerce_or_financial_regulation,Cameo 17 Coerce Or Financial Regulation,43,1952,0.022028688524590164
32,financial_action_family,__other_families__,Other families,256,1952,0.13114754098360656
33,action_type,communication,Communication,1530,2198,0.6960873521383075
33,action_type,direct intervention,Direct intervention,397,2198,0.18061874431301184
33,action_type,observed effect,Observed effect,271,2198,0.12329390354868063
33,interaction_mode,communication,Communication,1134,2198,0.5159235668789809
33,interaction_mode,material_action,Material action,738,2198,0.33575978161965425
33,interaction_mode,market_or_economic_state,Market/economic state,239,2198,0.10873521383075523
33,interaction_mode,institutional_action,Institutional action,9,2198,0.004094631483166515
33,interaction_mode,other,Other mode,54,2198,0.02456778889899909
33,interaction_mode,intent_or_plan,Intent/plan,1,2198,0.00045495905368516835
33,interaction_mode,legal_or_enforcement_action,Legal/enforcement,22,2198,0.010009099181073703
33,interaction_mode,request_or_pressure,Request/pressure,1,2198,0.00045495905368516835
33,financial_action_family,cameo_01_make_public_statement,Public statement,1215,2198,0.5527752502274795
33,financial_action_family,market_price_or_liquidity_effect,Market/liquidity effect,170,2198,0.07734303912647862
33,financial_action_family,other_financial_event,Other financial event,94,2198,0.042766151046405826
33,financial_action_family,legislative_policy_authorization,Legislative authorization,21,2198,0.009554140127388535
33,financial_action_family,business_operations_adjustment,Business operations,46,2198,0.020928116469517744
33,financial_action_family,cameo_07_provide_aid_or_public_support,Aid/public support,15,2198,0.006824385805277525
33,financial_action_family,macroeconomic_real_activity_effect,Macro real-activity effect,36,2198,0.01637852593266606
33,financial_action_family,cameo_17_coerce_or_financial_regulation,Cameo 17 Coerce Or Financial Regulation,234,2198,0.10646041856232939
33,financial_action_family,__other_families__,Other families,367,2198,0.16696997270245678
34,action_type,communication,Communication,2308,3398,0.6792230723955268
34,action_type,direct intervention,Direct intervention,666,3398,0.19599764567392583
34,action_type,observed effect,Observed effect,424,3398,0.12477928193054738
34,interaction_mode,communication,Communication,1707,3398,0.5023543260741613
34,interaction_mode,material_action,Material action,1052,3398,0.3095938787522072
34,interaction_mode,market_or_economic_state,Market/economic state,336,3398,0.09888169511477339
34,interaction_mode,institutional_action,Institutional action,57,3398,0.016774573278399058
34,interaction_mode,other,Other mode,151,3398,0.044437904649794
34,interaction_mode,intent_or_plan,Intent/plan,7,3398,0.0020600353148911123
34,interaction_mode,legal_or_enforcement_action,Legal/enforcement,66,3398,0.01942319011183049
34,interaction_mode,request_or_pressure,Request/pressure,22,3398,0.006474396703943496
34,financial_action_family,cameo_01_make_public_statement,Public statement,1777,3398,0.5229546792230724
34,financial_action_family,market_price_or_liquidity_effect,Market/liquidity effect,263,3398,0.0773984696880518
34,financial_action_family,other_financial_event,Other financial event,151,3398,0.044437904649794
34,financial_action_family,legislative_policy_authorization,Legislative authorization,40,3398,0.011771630370806356
34,financial_action_family,business_operations_adjustment,Business operations,67,3398,0.01971748087110065
34,financial_action_family,cameo_07_provide_aid_or_public_support,Aid/public support,44,3398,0.012948793407886992
34,financial_action_family,macroeconomic_real_activity_effect,Macro real-activity effect,88,3398,0.025897586815773983
34,financial_action_family,cameo_17_coerce_or_financial_regulation,Cameo 17 Coerce Or Financial Regulation,291,3398,0.08563861094761624
34,financial_action_family,__other_families__,Other families,677,3398,0.19923484402589758
35,action_type,communication,Communication,3197,5044,0.6338223632038065
35,action_type,direct intervention,Direct intervention,964,5044,0.19111816019032513
35,action_type,observed effect,Observed effect,883,5044,0.17505947660586835
35,interaction_mode,communication,Communication,2582,5044,0.5118953211736716
35,interaction_mode,material_action,Material action,1435,5044,0.2844964314036479
35,interaction_mode,market_or_economic_state,Market/economic state,728,5044,0.14432989690721648
35,interaction_mode,institutional_action,Institutional action,95,5044,0.018834258524980173
35,interaction_mode,other,Other mode,116,5044,0.022997620935765267
35,interaction_mode,intent_or_plan,Intent/plan,18,5044,0.0035685963521015066
35,interaction_mode,legal_or_enforcement_action,Legal/enforcement,42,5044,0.008326724821570182
35,interaction_mode,request_or_pressure,Request/pressure,28,5044,0.0055511498810467885
35,financial_action_family,cameo_01_make_public_statement,Public statement,2573,5044,0.5101110229976209
35,financial_action_family,market_price_or_liquidity_effect,Market/liquidity effect,560,5044,0.11102299762093576
35,financial_action_family,other_financial_event,Other financial event,252,5044,0.0499603489294211
35,financial_action_family,legislative_policy_authorization,Legislative authorization,69,5044,0.013679619349722442
35,financial_action_family,business_operations_adjustment,Business operations,149,5044,0.029540047581284694
35,financial_action_family,cameo_07_provide_aid_or_public_support,Aid/public support,71,5044,0.014076130055511499
35,financial_action_family,macroeconomic_real_activity_effect,Macro real-activity effect,187,5044,0.037073750991276765
35,financial_action_family,cameo_17_coerce_or_financial_regulation,Cameo 17 Coerce Or Financial Regulation,421,5044,0.08346550356859635
35,financial_action_family,__other_families__,Other families,762,5044,0.15107057890563044
36,action_type,communication,Communication,151,250,0.604
36,action_type,direct intervention,Direct intervention,86,250,0.344
36,action_type,observed effect,Observed effect,13,250,0.052
36,interaction_mode,communication,Communication,127,250,0.508
36,interaction_mode,material_action,Material action,62,250,0.248
36,interaction_mode,market_or_economic_state,Market/economic state,10,250,0.04
36,interaction_mode,institutional_action,Institutional action,46,250,0.184
36,interaction_mode,other,Other mode,3,250,0.012
36,interaction_mode,intent_or_plan,Intent/plan,0,250,0.0
36,interaction_mode,legal_or_enforcement_action,Legal/enforcement,2,250,0.008
36,interaction_mode,request_or_pressure,Request/pressure,0,250,0.0
36,financial_action_family,cameo_01_make_public_statement,Public statement,124,250,0.496
36,financial_action_family,market_price_or_liquidity_effect,Market/liquidity effect,5,250,0.02
36,financial_action_family,other_financial_event,Other financial event,5,250,0.02
36,financial_action_family,legislative_policy_authorization,Legislative authorization,54,250,0.216
36,financial_action_family,business_operations_adjustment,Business operations,10,250,0.04
36,financial_action_family,cameo_07_provide_aid_or_public_support,Aid/public support,1,250,0.004
36,financial_action_family,macroeconomic_real_activity_effect,Macro real-activity effect,1,250,0.004
36,financial_action_family,cameo_17_coerce_or_financial_regulation,Cameo 17 Coerce Or Financial Regulation,11,250,0.044
36,financial_action_family,__other_families__,Other families,39,250,0.156
37,action_type,communication,Communication,215,479,0.4488517745302714
37,action_type,direct intervention,Direct intervention,111,479,0.23173277661795408
37,action_type,observed effect,Observed effect,153,479,0.31941544885177453
37,interaction_mode,communication,Communication,201,479,0.4196242171189979
37,interaction_mode,material_action,Material action,97,479,0.20250521920668058
37,interaction_mode,market_or_economic_state,Market/economic state,145,479,0.302713987473904
37,interaction_mode,institutional_action,Institutional action,25,479,0.05219206680584551
37,interaction_mode,other,Other mode,10,479,0.020876826722338204
37,interaction_mode,intent_or_plan,Intent/plan,0,479,0.0
37,interaction_mode,legal_or_enforcement_action,Legal/enforcement,1,479,0.0020876826722338203
37,interaction_mode,request_or_pressure,Request/pressure,0,479,0.0
37,financial_action_family,cameo_01_make_public_statement,Public statement,193,479,0.40292275574112735
37,financial_action_family,market_price_or_liquidity_effect,Market/liquidity effect,105,479,0.21920668058455114
37,financial_action_family,other_financial_event,Other financial event,36,479,0.07515657620041753
37,financial_action_family,legislative_policy_authorization,Legislative authorization,0,479,0.0
37,financial_action_family,business_operations_adjustment,Business operations,5,479,0.010438413361169102
37,financial_action_family,cameo_07_provide_aid_or_public_support,Aid/public support,3,479,0.006263048016701462
37,financial_action_family,macroeconomic_real_activity_effect,Macro real-activity effect,7,479,0.014613778705636743
37,financial_action_family,cameo_17_coerce_or_financial_regulation,Cameo 17 Coerce Or Financial Regulation,3,479,0.006263048016701462
37,financial_action_family,__other_families__,Other families,127,479,0.2651356993736952
38,action_type,communication,Communication,233,558,0.4175627240143369
38,action_type,direct intervention,Direct intervention,197,558,0.35304659498207885
38,action_type,observed effect,Observed effect,128,558,0.22939068100358423
38,interaction_mode,communication,Communication,187,558,0.33512544802867383
38,interaction_mode,material_action,Material action,145,558,0.25985663082437277
38,interaction_mode,market_or_economic_state,Market/economic state,115,558,0.2060931899641577
38,interaction_mode,institutional_action,Institutional action,28,558,0.05017921146953405
38,interaction_mode,other,Other mode,71,558,0.12724014336917563
38,interaction_mode,intent_or_plan,Intent/plan,1,558,0.0017921146953405018
38,interaction_mode,legal_or_enforcement_action,Legal/enforcement,11,558,0.01971326164874552
38,interaction_mode,request_or_pressure,Request/pressure,0,558,0.0
38,financial_action_family,cameo_01_make_public_statement,Public statement,197,558,0.35304659498207885
38,financial_action_family,market_price_or_liquidity_effect,Market/liquidity effect,64,558,0.11469534050179211
38,financial_action_family,other_financial_event,Other financial event,85,558,0.15232974910394265
38,financial_action_family,legislative_policy_authorization,Legislative authorization,7,558,0.012544802867383513
38,financial_action_family,business_operations_adjustment,Business operations,32,558,0.05734767025089606
38,financial_action_family,cameo_07_provide_aid_or_public_support,Aid/public support,5,558,0.008960573476702509
38,financial_action_family,macroeconomic_real_activity_effect,Macro real-activity effect,24,558,0.043010752688172046
38,financial_action_family,cameo_17_coerce_or_financial_regulation,Cameo 17 Coerce Or Financial Regulation,18,558,0.03225806451612903
38,financial_action_family,__other_families__,Other families,126,558,0.22580645161290322
39,action_type,communication,Communication,1724,3909,0.4410335124072653
39,action_type,direct intervention,Direct intervention,1314,3909,0.33614735226400616
39,action_type,observed effect,Observed effect,871,3909,0.22281913532872857
39,interaction_mode,communication,Communication,1494,3909,0.3821949347659248
39,interaction_mode,material_action,Material action,1289,3909,0.32975185469429524
39,interaction_mode,market_or_economic_state,Market/economic state,724,3909,0.18521360961882835
39,interaction_mode,institutional_action,Institutional action,243,3909,0.06216423637759018
39,interaction_mode,other,Other mode,138,3909,0.035303146584804296
39,interaction_mode,intent_or_plan,Intent/plan,0,3909,0.0
39,interaction_mode,legal_or_enforcement_action,Legal/enforcement,18,3909,0.004604758250191865
39,interaction_mode,request_or_pressure,Request/pressure,3,3909,0.0007674597083653108
39,financial_action_family,cameo_01_make_public_statement,Public statement,1586,3909,0.40573036582246097
39,financial_action_family,market_price_or_liquidity_effect,Market/liquidity effect,521,3909,0.13328216935277565
39,financial_action_family,other_financial_event,Other financial event,255,3909,0.06523407521105141
39,financial_action_family,legislative_policy_authorization,Legislative authorization,127,3909,0.03248912765413149
39,financial_action_family,business_operations_adjustment,Business operations,87,3909,0.022256331542594012
39,financial_action_family,cameo_07_provide_aid_or_public_support,Aid/public support,234,3909,0.059861857252494245
39,financial_action_family,macroeconomic_real_activity_effect,Macro real-activity effect,123,3909,0.031465848042977744
39,financial_action_family,cameo_17_coerce_or_financial_regulation,Cameo 17 Coerce Or Financial Regulation,87,3909,0.022256331542594012
39,financial_action_family,__other_families__,Other families,889,3909,0.22742389357892043
40,action_type,communication,Communication,3124,5623,0.555575315667793
40,action_type,direct intervention,Direct intervention,2003,5623,0.35621554330428595
40,action_type,observed effect,Observed effect,496,5623,0.08820914102792105
40,interaction_mode,communication,Communication,2630,5623,0.4677218566601458
40,interaction_mode,material_action,Material action,1708,5623,0.3037524453138894
40,interaction_mode,market_or_economic_state,Market/economic state,368,5623,0.06544549173039303
40,interaction_mode,institutional_action,Institutional action,559,5623,0.0994131246665481
40,interaction_mode,other,Other mode,199,5623,0.03539036101725058
40,interaction_mode,intent_or_plan,Intent/plan,3,5623,0.0005335230304108127
40,interaction_mode,legal_or_enforcement_action,Legal/enforcement,141,5623,0.0250755824293082
40,interaction_mode,request_or_pressure,Request/pressure,15,5623,0.0026676151520540637
40,financial_action_family,cameo_01_make_public_statement,Public statement,2807,5623,0.4991997154543838
40,financial_action_family,market_price_or_liquidity_effect,Market/liquidity effect,187,5623,0.03325626889560733
40,financial_action_family,other_financial_event,Other financial event,203,5623,0.03610172505779833
40,financial_action_family,legislative_policy_authorization,Legislative authorization,599,5623,0.1065267650720256
40,financial_action_family,business_operations_adjustment,Business operations,185,5623,0.032900586875333454
40,financial_action_family,cameo_07_provide_aid_or_public_support,Aid/public support,718,5623,0.12768984527832117
40,financial_action_family,macroeconomic_real_activity_effect,Macro real-activity effect,85,5623,0.015116485861639694
40,financial_action_family,cameo_17_coerce_or_financial_regulation,Cameo 17 Coerce Or Financial Regulation,133,5623,0.0236528543482127
40,financial_action_family,__other_families__,Other families,706,5623,0.12555575315667794
41,action_type,communication,Communication,907,1681,0.5395597858417609
41,action_type,direct intervention,Direct intervention,595,1681,0.3539559785841761
41,action_type,observed effect,Observed effect,179,1681,0.10648423557406306
41,interaction_mode,communication,Communication,795,1681,0.4729327781082689
41,interaction_mode,material_action,Material action,415,1681,0.24687685901249257
41,interaction_mode,market_or_economic_state,Market/economic state,138,1681,0.08209399167162404
41,interaction_mode,institutional_action,Institutional action,223,1681,0.13265913146936348
41,interaction_mode,other,Other mode,51,1681,0.030339083878643664
41,interaction_mode,intent_or_plan,Intent/plan,6,1681,0.003569303985722784
41,interaction_mode,legal_or_enforcement_action,Legal/enforcement,42,1681,0.024985127900059488
41,interaction_mode,request_or_pressure,Request/pressure,11,1681,0.006543723973825104
41,financial_action_family,cameo_01_make_public_statement,Public statement,843,1681,0.5014872099940512
41,financial_action_family,market_price_or_liquidity_effect,Market/liquidity effect,74,1681,0.044021415823914334
41,financial_action_family,other_financial_event,Other financial event,48,1681,0.028554431885782272
41,financial_action_family,legislative_policy_authorization,Legislative authorization,230,1681,0.13682331945270673
41,financial_action_family,business_operations_adjustment,Business operations,18,1681,0.010707911957168352
41,financial_action_family,cameo_07_provide_aid_or_public_support,Aid/public support,310,1681,0.18441403926234384
41,financial_action_family,macroeconomic_real_activity_effect,Macro real-activity effect,28,1681,0.01665675193337299
41,financial_action_family,cameo_17_coerce_or_financial_regulation,Cameo 17 Coerce Or Financial Regulation,12,1681,0.007138607971445568
41,financial_action_family,__other_families__,Other families,118,1681,0.07019631171921475
42,action_type,communication,Communication,10517,17670,0.5951895868704018
42,action_type,direct intervention,Direct intervention,4344,17670,0.24584040747028862
42,action_type,observed effect,Observed effect,2809,17670,0.15897000565930958
42,interaction_mode,communication,Communication,8690,17670,0.4917940011318619
42,interaction_mode,material_action,Material action,5207,17670,0.2946802490096208
42,interaction_mode,market_or_economic_state,Market/economic state,2125,17670,0.12026032823995472
42,interaction_mode,institutional_action,Institutional action,712,17670,0.04029428409734012
42,interaction_mode,other,Other mode,592,17670,0.03350311262026033
42,interaction_mode,intent_or_plan,Intent/plan,153,17670,0.00865874363327674
42,interaction_mode,legal_or_enforcement_action,Legal/enforcement,112,17670,0.0063384267119411435
42,interaction_mode,request_or_pressure,Request/pressure,79,17670,0.0044708545557442
42,financial_action_family,cameo_01_make_public_statement,Public statement,9629,17670,0.5449349179400114
42,financial_action_family,market_price_or_liquidity_effect,Market/liquidity effect,1342,17670,0.07594793435200906
42,financial_action_family,other_financial_event,Other financial event,1006,17670,0.056932654216185624
42,financial_action_family,legislative_policy_authorization,Legislative authorization,685,17670,0.03876627051499717
42,financial_action_family,business_operations_adjustment,Business operations,1336,17670,0.07560837577815506
42,financial_action_family,cameo_07_provide_aid_or_public_support,Aid/public support,437,17670,0.024731182795698924
42,financial_action_family,macroeconomic_real_activity_effect,Macro real-activity effect,1065,17670,0.06027164685908319
42,financial_action_family,cameo_17_coerce_or_financial_regulation,Cameo 17 Coerce Or Financial Regulation,298,17670,0.01686474250141483
42,financial_action_family,__other_families__,Other families,1872,17670,0.10594227504244483
43,action_type,communication,Communication,4015,6292,0.6381118881118881
43,action_type,direct intervention,Direct intervention,1955,6292,0.3107120152574698
43,action_type,observed effect,Observed effect,322,6292,0.051176096630642084
43,interaction_mode,communication,Communication,3206,6292,0.5095359186268277
43,interaction_mode,material_action,Material action,1893,6292,0.3008582326764145
43,interaction_mode,market_or_economic_state,Market/economic state,230,6292,0.03655435473617292
43,interaction_mode,institutional_action,Institutional action,623,6292,0.09901462174189447
43,interaction_mode,other,Other mode,183,6292,0.02908455181182454
43,interaction_mode,intent_or_plan,Intent/plan,38,6292,0.006039415130324221
43,interaction_mode,legal_or_enforcement_action,Legal/enforcement,71,6292,0.011284170375079465
43,interaction_mode,request_or_pressure,Request/pressure,48,6292,0.007628734901462174
43,financial_action_family,cameo_01_make_public_statement,Public statement,3462,6292,0.5502225047679593
43,financial_action_family,market_price_or_liquidity_effect,Market/liquidity effect,129,6292,0.020502225047679592
43,financial_action_family,other_financial_event,Other financial event,383,6292,0.0608709472345836
43,financial_action_family,legislative_policy_authorization,Legislative authorization,791,6292,0.12571519389701208
43,financial_action_family,business_operations_adjustment,Business operations,221,6292,0.03512396694214876
43,financial_action_family,cameo_07_provide_aid_or_public_support,Aid/public support,267,6292,0.04243483788938334
43,financial_action_family,macroeconomic_real_activity_effect,Macro real-activity effect,128,6292,0.020343293070565798
43,financial_action_family,cameo_17_coerce_or_financial_regulation,Cameo 17 Coerce Or Financial Regulation,75,6292,0.011919898283534647
43,financial_action_family,__other_families__,Other families,836,6292,0.13286713286713286
