policy_id,observed_news_days,keyword_count,origin_news_total,raw_mean_per_observed_day,raw_p10_per_observed_day,raw_q25_per_observed_day,raw_median_per_observed_day,raw_q75_per_observed_day,raw_p90_per_observed_day,raw_p95_per_observed_day,raw_maximum_per_observed_day,mean_per_keyword_day,p10_per_keyword_day,q25_per_keyword_day,median_per_keyword_day,q75_per_keyword_day,p90_per_keyword_day,p95_per_keyword_day,maximum_per_keyword_day,fraction_per_keyword_at_or_below_cap
5,22,13,144,6.545454545454546,2.0,2.0,3.5,6.0,15.800000000000004,17.9,37,0.5034965034965034,0.15384615384615385,0.15384615384615385,0.2692307692307693,0.46153846153846156,1.2153846153846157,1.3769230769230767,2.8461538461538463,1.0
6,196,6,625,3.188775510204082,2.0,2.0,2.0,4.0,6.0,6.25,18,0.5314625850340136,0.3333333333333333,0.3333333333333333,0.3333333333333333,0.6666666666666666,1.0,1.0416666666666667,3.0,1.0
7,160,6,559,3.49375,2.0,2.0,2.0,4.0,6.0,9.049999999999983,14,0.5822916666666667,0.3333333333333333,0.3333333333333333,0.3333333333333333,0.6666666666666666,1.0,1.5083333333333304,2.3333333333333335,1.0
8,17,5,45,2.6470588235294117,2.0,2.0,2.0,2.0,4.800000000000001,6.399999999999999,8,0.5294117647058824,0.4,0.4,0.4,0.4,0.9600000000000002,1.2799999999999998,1.6,1.0
10,17,6,35,2.0588235294117645,2.0,2.0,2.0,2.0,2.0,2.3999999999999986,4,0.3431372549019608,0.3333333333333333,0.3333333333333333,0.3333333333333333,0.3333333333333333,0.3333333333333333,0.39999999999999974,0.6666666666666666,1.0
12,3,5,8,2.6666666666666665,2.0,2.0,2.0,3.0,3.6,3.8,4,0.5333333333333333,0.4,0.4,0.4,0.6000000000000001,0.7200000000000001,0.76,0.8,1.0
13,79,5,217,2.7468354430379747,2.0,2.0,2.0,2.0,4.0,8.0,18,0.549367088607595,0.4,0.4,0.4,0.4,0.8,1.6,3.6,1.0
14,61,5,167,2.737704918032787,2.0,2.0,2.0,4.0,5.0,6.0,8,0.5475409836065573,0.4,0.4,0.4,0.8,1.0,1.2,1.6,1.0
15,132,5,531,4.0227272727272725,2.0,2.0,4.0,6.0,8.0,10.0,12,0.8045454545454546,0.4,0.4,0.8,1.2,1.6,2.0,2.4,1.0
16,35,5,90,2.5714285714285716,2.0,2.0,2.0,2.0,4.0,4.299999999999997,8,0.5142857142857142,0.4,0.4,0.4,0.4,0.8,0.8599999999999994,1.6,1.0
18,31,5,91,2.935483870967742,2.0,2.0,2.0,2.5,6.0,6.0,12,0.5870967741935483,0.4,0.4,0.4,0.5,1.2,1.2,2.4,1.0
19,13,5,30,2.3076923076923075,2.0,2.0,2.0,2.0,3.6000000000000014,4.0,4,0.46153846153846156,0.4,0.4,0.4,0.4,0.7200000000000003,0.8,0.8,1.0
20,45,4,109,2.422222222222222,1.4000000000000004,2.0,2.0,2.0,4.0,4.0,8,0.6055555555555555,0.3500000000000001,0.5,0.5,0.5,1.0,1.0,2.0,1.0
21,49,5,488,9.959183673469388,2.0,2.0,2.0,6.0,15.600000000000009,64.39999999999958,94,1.9918367346938777,0.4,0.4,0.4,1.2,3.120000000000002,12.879999999999916,18.8,1.0
22,74,5,433,5.851351351351352,2.0,4.0,4.0,8.0,11.0,12.699999999999989,18,1.17027027027027,0.4,0.8,0.8,1.6,2.2,2.5399999999999974,3.6,1.0
23,12,5,34,2.8333333333333335,2.0,2.0,2.0,4.0,4.0,4.899999999999999,6,0.5666666666666668,0.4,0.4,0.4,0.8,0.8,0.9799999999999998,1.2,1.0
24,101,10,340,3.366336633663366,2.0,2.0,2.0,4.0,6.0,8.0,16,0.33663366336633666,0.2,0.2,0.2,0.4,0.6,0.8,1.6,1.0
25,40,10,143,3.575,2.0,2.0,2.0,4.0,6.200000000000003,10.0,10,0.35750000000000004,0.2,0.2,0.2,0.4,0.6200000000000002,1.0,1.0,1.0
26,48,9,163,3.3958333333333335,2.0,2.0,2.0,2.0,6.0,7.299999999999997,34,0.3773148148148148,0.2222222222222222,0.2222222222222222,0.2222222222222222,0.2222222222222222,0.6666666666666666,0.8111111111111108,3.7777777777777777,1.0
27,275,10,941,3.421818181818182,1.0,2.0,3.0,4.0,6.0,8.0,17,0.3421818181818182,0.1,0.2,0.3,0.4,0.6,0.8,1.7,1.0
28,28,11,91,3.25,2.0,2.0,2.0,3.25,6.300000000000001,7.649999999999999,12,0.29545454545454547,0.18181818181818182,0.18181818181818182,0.18181818181818182,0.2954545454545454,0.5727272727272728,0.6954545454545453,1.0909090909090908,1.0
29,74,10,736,9.945945945945946,2.0,4.0,6.0,11.75,24.700000000000003,33.74999999999997,47,0.9945945945945945,0.2,0.4,0.6,1.175,2.47,3.3749999999999973,4.7,1.0
30,77,11,387,5.025974025974026,2.0,2.0,4.0,7.0,10.0,12.400000000000006,16,0.45690672963400236,0.18181818181818182,0.18181818181818182,0.36363636363636365,0.6363636363636364,0.9090909090909091,1.1272727272727276,1.4545454545454546,1.0
31,118,11,1269,10.754237288135593,1.700000000000001,3.25,6.0,9.0,14.299999999999997,18.449999999999974,386,0.9776579352850538,0.15454545454545465,0.2954545454545454,0.5454545454545454,0.8181818181818182,1.2999999999999996,1.677272727272725,35.09090909090909,0.9915254237288136
32,98,10,1377,14.051020408163266,2.0,6.0,10.5,20.75,27.0,43.14999999999999,58,1.4051020408163264,0.2,0.6,1.05,2.075,2.7,4.314999999999999,5.8,1.0
33,144,10,994,6.902777777777778,2.0,3.0,5.5,9.0,14.0,19.0,36,0.6902777777777778,0.2,0.3,0.55,0.9,1.4,1.9,3.6,1.0
34,183,11,1876,10.251366120218579,2.0,3.0,6.0,8.0,14.0,20.80000000000001,173,0.9319423745653254,0.18181818181818182,0.2727272727272727,0.5454545454545454,0.7272727272727273,1.2727272727272727,1.890909090909092,15.727272727272727,1.0
35,294,11,2405,8.180272108843537,2.0,3.25,6.0,11.75,17.0,21.699999999999932,48,0.7436611008039579,0.18181818181818182,0.2954545454545454,0.5454545454545454,1.0681818181818181,1.5454545454545454,1.9727272727272664,4.363636363636363,1.0
36,16,11,227,14.1875,2.0,2.0,9.0,17.75,30.5,41.75,65,1.2897727272727273,0.18181818181818182,0.18181818181818182,0.8181818181818182,1.6136363636363638,2.7727272727272725,3.7954545454545454,5.909090909090909,1.0
37,30,11,278,9.266666666666667,2.0,2.0,4.0,9.0,28.1,29.549999999999997,61,0.8424242424242424,0.18181818181818182,0.18181818181818182,0.36363636363636365,0.8181818181818181,2.5545454545454547,2.686363636363636,5.545454545454546,1.0
38,51,11,245,4.803921568627451,2.0,2.0,2.0,4.0,8.0,18.5,36,0.43672014260249553,0.18181818181818182,0.18181818181818182,0.18181818181818182,0.36363636363636365,0.7272727272727273,1.6818181818181817,3.272727272727273,1.0
39,142,10,1636,11.52112676056338,2.0,2.0,7.0,18.0,28.0,33.89999999999998,66,1.152112676056338,0.2,0.2,0.7,1.8,2.8,3.3899999999999975,6.6,1.0
40,57,10,2413,42.333333333333336,6.0,9.0,20.0,83.0,103.8,109.39999999999998,133,4.233333333333333,0.6,0.9,2.0,8.3,10.38,10.939999999999998,13.3,1.0
41,33,12,838,25.393939393939394,2.0,4.0,8.0,40.0,75.4,82.39999999999999,91,2.116161616161616,0.16666666666666666,0.3333333333333333,0.6666666666666666,3.3333333333333335,6.283333333333333,6.866666666666666,7.583333333333333,1.0
42,451,11,8291,18.38359201773836,4.0,8.0,16.0,25.0,35.0,43.0,105,1.6712356379762145,0.36363636363636365,0.7272727272727273,1.4545454545454546,2.272727272727273,3.1818181818181817,3.909090909090909,9.545454545454545,1.0
43,104,11,2462,23.673076923076923,5.300000000000001,12.75,19.0,28.5,45.7,53.0,150,2.152097902097902,0.48181818181818187,1.1590909090909092,1.7272727272727273,2.590909090909091,4.154545454545454,4.818181818181818,13.636363636363637,1.0
